{
    "DQN": {
        "mean_reward": -0.9249999999999993,
        "std_reward": 3.0011456145945368,
        "mean_steps": 100.0,
        "std_steps": 0.0,
        "success_rate": 0.0,
        "mean_patients_visited": 1.6666666666666667,
        "mean_emergencies_visited": 0.0,
        "rewards": [
            -2.000000000000001,
            -2.000000000000001,
            -1.5000000000000009,
            -2.0000000000000004,
            -2.000000000000001,
            -1.5000000000000009,
            -1.5000000000000009,
            -2.000000000000001,
            -2.49999999999999,
            12.000000000000014,
            -1.0000000000000007,
            -1.5000000000000007,
            -2.000000000000001,
            -1.0000000000000009,
            -0.5000000000000006,
            -1.5000000000000009,
            -1.5000000000000009,
            -2.000000000000001,
            -1.5000000000000007,
            -1.0000000000000007
        ],
        "steps": [
            100,
            100,
            100,
            100,
            100,
            100,
            100,
            100,
            100,
            100,
            100,
            100,
            100,
            100,
            100,
            100,
            100,
            100,
            100,
            100
        ]
    },
    "PPO": {
        "mean_reward": 6.225000000000002,
        "std_reward": 8.51685828225407,
        "mean_steps": 100.0,
        "std_steps": 0.0,
        "success_rate": 0.0,
        "mean_patients_visited": 6.666666666666667,
        "mean_emergencies_visited": 20.0,
        "rewards": [
            15.000000000000014,
            2.5000000000000204,
            29.49999999999988,
            -1.0000000000000007,
            -0.5000000000000009,
            16.000000000000014,
            2.5000000000000204,
            13.500000000000004,
            -1.0000000000000007,
            13.500000000000004,
            15.50000000000002,
            0.4999999999999991,
            -0.5000000000000009,
            2.5000000000000195,
            -1.0000000000000007,
            2.5000000000000195,
            -0.5000000000000009,
            0.4999999999999991,
            15.50000000000002,
            -0.5000000000000009
        ],
        "steps": [
            100,
            100,
            100,
            100,
            100,
            100,
            100,
            100,
            100,
            100,
            100,
            100,
            100,
            100,
            100,
            100,
            100,
            100,
            100,
            100
        ]
    }
}